run_id,finished_at_lima,order_id,status,detection_origin,site,appointment_date,appointment_hour,slots,submission_outcome,confirmation_source,defense_signal,duration_seconds,total_from_available_seconds,selection_seconds,captcha_solver_seconds,click_to_portal_response_seconds,screenshot_path,evidence_paths,message
***-121323-0a4c4a71,2026-07-11 12:14:02,order-***,partial,normal,LIMA-LA VICTORIA,31/07/2026,09:00,20,blocked_by_order_rule,,,38.641,3.156,1.703,,,captcha-121323-order-***-ae18bc-original.png,captcha-121323-order-***-ae18bc-original.png | cupo-121323-order-***-b8629f.png | screenshots\11-07-2026\captchas\captcha-121323-order-***-ae18bc-original.png,"Se encontro un horario disponible, pero no cumple la regla de reserva de la orden."
***-102200-ad537ebb,2026-07-11 10:22:20,order-***,partial,normal,LIMA-LA VICTORIA,31/07/2026,08:00,10,blocked_by_order_rule,,,20.872,3.094,1.734,,,captcha-102200-order-***-891072-original.png,captcha-102200-order-***-891072-original.png | cupo-102200-order-***-1ca1aa.png | screenshots\11-07-2026\captchas\captcha-102200-order-***-891072-original.png,"Se encontro un horario disponible, pero no cumple la regla de reserva de la orden."
***-095208-ac557281,2026-07-11 09:52:20,order-4533563928614-e42b7af400a8b1fa,completed,normal,,01/08/2026 10:00,,,,,,11.519,,,,,etapas-095208-order-4533563928614-e19856.png,etapas-095208-order-4533563928614-e19856.png,La etapa Separa Cita Peritaje ya esta en estado Programado. No hay una cita pendiente por reservar.
***-095143-***,2026-07-11 09:51:59,order-***,unavailable,normal,LIMA-LA VICTORIA,01/08/2026,10:00,20,slot_lost,,,16.610,8.718,1.719,2.203,0.047,portal-1-095143-order-***-6a5576.png,portal-1-095143-order-***-6a5576.png | preenvio-1-095143-order-***-98b88d.png | cupo-095143-order-***-2bea31.png | screenshots\11-07-2026\preenvio-1-095143-order-***-98b88d.png | screenshots\11-07-2026\portal-1-095143-order-***-6a5576.png | screenshots\11-07-2026\diagnostics\portal-html-1-095143-order-***-c54d6d.html | screenshots\11-07-2026\captchas\captcha-095143-order-***-1971ac-original.png,El cupo dejo de estar disponible antes de completar la reserva.
***-095107-***,2026-07-11 09:51:43,order-4533563928600-513a3ad12166355b,registered,normal,LIMA-LA VICTORIA,01/08/2026,10:00,20,confirmed,portal_success_text,,36.041,7.235,1.704,1.344,0.062,portal-1-095107-order-4533563928600-29f73d.png,portal-1-095107-order-4533563928600-29f73d.png | preenvio-1-095107-order-4533563928600-f61c9a.png | cupo-095107-order-4533563928600-43592b.png | screenshots\11-07-2026\preenvio-1-095107-order-4533563928600-f61c9a.png | screenshots\11-07-2026\portal-1-095107-order-4533563928600-29f73d.png | screenshots\11-07-2026\diagnostics\portal-html-1-095107-order-4533563928600-20bd8f.html | screenshots\11-07-2026\captchas\captcha-095107-order-4533563928600-fdda7a-original.png,La reserva fue confirmada por mensaje de exito del portal.
***-091807-a68dc6b8,2026-07-11 09:18:29,order-4533563928614-e42b7af400a8b1fa,partial,normal,LIMA-LA VICTORIA,31/07/2026,10:00,8,priority_deferred,,,22.454,3.390,1.704,,,captcha-091807-order-4533563928614-f69cfc-original.png,captcha-091807-order-4533563928614-f69cfc-original.png | cupo-091807-order-4533563928614-5e3811.png | screenshots\11-07-2026\captchas\captcha-091807-order-4533563928614-f69cfc-original.png,Reserva diferida porque hay una orden de mayor prioridad lista.
***-083607-21b0784b,2026-07-11 08:36:20,order-***,completed,normal,,27/07/2026 09:00,,,,,,12.079,,,,,etapas-083607-order-***-2d3463.png,etapas-083607-order-***-2d3463.png,La etapa Separa Cita Peritaje ya esta en estado Programado. No hay una cita pendiente por reservar.
***-083544-89169d87,2026-07-11 08:35:58,order-***,registered,normal,LIMA-LA VICTORIA,25/07/2026,09:00,10,confirmed,portal_success_text,,14.859,6.953,1.703,1.312,0.047,portal-1-083544-order-***-4da758.png,portal-1-083544-order-***-4da758.png | preenvio-1-083544-order-***-40352d.png | cupo-083544-order-***-9ddc90.png | screenshots\11-07-2026\preenvio-1-083544-order-***-40352d.png | screenshots\11-07-2026\portal-1-083544-order-***-4da758.png | screenshots\11-07-2026\diagnostics\portal-html-1-083544-order-***-da8b5e.html | screenshots\11-07-2026\captchas\captcha-083544-order-***-ca32b3-original.png,La reserva fue confirmada por mensaje de exito del portal.
***-083526-799e7e3f,2026-07-11 08:35:42,order-***,registered,normal,LIMA-LA VICTORIA,25/07/2026,09:00,10,confirmed,portal_success_text,,16.466,6.985,1.719,1.297,0.047,portal-1-083526-order-***-e3e27e.png,portal-1-083526-order-***-e3e27e.png | preenvio-1-083526-order-***-fe4caa.png | cupo-083526-order-***-b9fa48.png | screenshots\11-07-2026\preenvio-1-083526-order-***-fe4caa.png | screenshots\11-07-2026\portal-1-083526-order-***-e3e27e.png | screenshots\11-07-2026\diagnostics\portal-html-1-083526-order-***-080dfc.html | screenshots\11-07-2026\captchas\captcha-083526-order-***-7961db-original.png,La reserva fue confirmada por mensaje de exito del portal.
***-083508-b8e399f8,2026-07-11 08:35:26,order-***,registered,normal,LIMA-LA VICTORIA,25/07/2026,09:00,10,confirmed,portal_success_text,,17.714,7.297,1.797,1.313,0.047,portal-1-083508-order-***-ff8676.png,portal-1-083508-order-***-ff8676.png | preenvio-1-083508-order-***-6779ff.png | cupo-083508-order-***-461c25.png | screenshots\11-07-2026\preenvio-1-083508-order-***-6779ff.png | screenshots\11-07-2026\portal-1-083508-order-***-ff8676.png | screenshots\11-07-2026\diagnostics\portal-html-1-083508-order-***-e72b23.html | screenshots\11-07-2026\captchas\captcha-083508-order-***-52e5b1-original.png,La reserva fue confirmada por mensaje de exito del portal.
***-083401-3a2702af,2026-07-11 08:34:31,order-***,unavailable,normal,LIMA-LA VICTORIA,30/07/2026,08:00,20,slot_lost,,,29.588,7.422,1.703,1.266,0.031,portal-1-083401-order-***-6b0237.png,portal-1-083401-order-***-6b0237.png | preenvio-1-083401-order-***-ab3476.png | cupo-083401-order-***-34e2c1.png | screenshots\11-07-2026\preenvio-1-083401-order-***-ab3476.png | screenshots\11-07-2026\portal-1-083401-order-***-6b0237.png | screenshots\11-07-2026\diagnostics\portal-html-1-083401-order-***-731dc5.html | screenshots\11-07-2026\captchas\captcha-083401-order-***-bf5d4e-original.png,El cupo dejo de estar disponible antes de completar la reserva.
***-083234-b95d83c3,2026-07-11 08:32:48,order-***,registered,normal,LIMA-LA VICTORIA,01/08/2026,09:00,5,confirmed,portal_success_text,,14.018,6.969,1.687,1.281,0.047,portal-1-083234-order-***-47e62c.png,portal-1-083234-order-***-47e62c.png | preenvio-1-083234-order-***-baff62.png | cupo-083234-order-***-3bd583.png | screenshots\11-07-2026\preenvio-1-083234-order-***-baff62.png | screenshots\11-07-2026\portal-1-083234-order-***-47e62c.png | screenshots\11-07-2026\diagnostics\portal-html-1-083234-order-***-675e05.html | screenshots\11-07-2026\captchas\captcha-083234-order-***-efe67f-original.png,La reserva fue confirmada por mensaje de exito del portal.
***-083204-4b6c8f37,2026-07-11 08:32:33,order-***,registered,normal,LIMA-LA VICTORIA,01/08/2026,09:00,5,confirmed,portal_success_text,,29.183,18.031,1.953,12.000,0.062,portal-1-083204-order-***-6c86e0.png,portal-1-083204-order-***-6c86e0.png | preenvio-1-083204-order-***-8a934e.png | cupo-083204-order-***-6943ca.png | screenshots\11-07-2026\preenvio-1-083204-order-***-8a934e.png | screenshots\11-07-2026\portal-1-083204-order-***-6c86e0.png | screenshots\11-07-2026\diagnostics\portal-html-1-083204-order-***-d02785.html | screenshots\11-07-2026\captchas\captcha-083204-order-***-cc747a-original.png,La reserva fue confirmada por mensaje de exito del portal.
***-083149-b2edebcc,2026-07-11 08:32:04,order-***,registered,normal,LIMA-LA VICTORIA,31/07/2026,12:00,10,confirmed,portal_success_text,,14.996,6.875,1.703,1.250,0.062,portal-1-083149-order-***-f5b06c.png,portal-1-083149-order-***-f5b06c.png | preenvio-1-083149-order-***-5bd1ab.png | cupo-083149-order-***-2bad33.png | screenshots\11-07-2026\preenvio-1-083149-order-***-5bd1ab.png | screenshots\11-07-2026\portal-1-083149-order-***-f5b06c.png | screenshots\11-07-2026\diagnostics\portal-html-1-083149-order-***-2f03bf.html | screenshots\11-07-2026\captchas\captcha-083149-order-***-6ed188-original.png,La reserva fue confirmada por mensaje de exito del portal.
***-083050-***,2026-07-11 08:31:47,order-***,unavailable,normal,LIMA-LA VICTORIA,27/07/2026,10:00,15,slot_lost,,,56.424,29.344,1.703,22.657,0.063,portal-1-083050-order-***-78e893.png,portal-1-083050-order-***-78e893.png | preenvio-1-083050-order-***-b97298.png | cupo-083050-order-***-b3ce40.png | screenshots\11-07-2026\preenvio-1-083050-order-***-b97298.png | screenshots\11-07-2026\portal-1-083050-order-***-78e893.png | screenshots\11-07-2026\diagnostics\portal-html-1-083050-order-***-3a6bfe.html | screenshots\11-07-2026\captchas\captcha-083050-order-***-3e9226-original.png,El cupo dejo de estar disponible antes de completar la reserva.
***-080749-9d88e2ee,2026-07-11 08:08:26,order-***,partial,normal,LIMA-LA VICTORIA,11/07/2026,10:00,25,blocked_by_order_rule,,,36.690,3.500,1.750,,,captcha-080749-order-***-b44697-original.png,captcha-080749-order-***-b44697-original.png | cupo-080749-order-***-28cf65.png | screenshots\11-07-2026\captchas\captcha-080749-order-***-b44697-original.png,"Se encontro un horario disponible, pero no cumple la regla de reserva de la orden."
***-080455-6cf07fc8,2026-07-11 08:05:20,order-***,partial,normal,LIMA-LA VICTORIA,11/07/2026,08:00,25,blocked_by_order_rule,,,25.927,3.219,1.719,,,captcha-080455-order-***-7d11b3-original.png,captcha-080455-order-***-7d11b3-original.png | cupo-080455-order-***-55fe40.png | screenshots\11-07-2026\captchas\captcha-080455-order-***-7d11b3-original.png,"Se encontro un horario disponible, pero no cumple la regla de reserva de la orden."
***-144437-cf625aef,2026-07-10 14:44:49,order-***,unavailable,normal,LIMA-LA VICTORIA,15/07/2026,12:00,25,slot_lost,,,12.018,7.343,1.672,1.281,0.047,portal-1-144437-order-***-96214e.png,portal-1-144437-order-***-96214e.png | preenvio-1-144437-order-***-a264c2.png | cupo-144437-order-***-37b54c.png | screenshots\10-07-2026\preenvio-1-144437-order-***-a264c2.png | screenshots\10-07-2026\portal-1-144437-order-***-96214e.png | screenshots\10-07-2026\diagnostics\portal-html-1-144437-order-***-24e137.html | screenshots\10-07-2026\captchas\captcha-144437-order-***-126fe1-original.png,El cupo dejo de estar disponible antes de completar la reserva.
***-143756-93815afd,2026-07-10 14:38:10,order-***,registered,normal,LIMA-LA VICTORIA,27/07/2026,09:00,10,confirmed,portal_success_text,,13.287,6.516,1.687,1.266,0.063,portal-1-143756-order-***-5bcd44.png,portal-1-143756-order-***-5bcd44.png | preenvio-1-143756-order-***-6400d7.png | cupo-143756-order-***-39a62f.png | screenshots\10-07-2026\preenvio-1-143756-order-***-6400d7.png | screenshots\10-07-2026\portal-1-143756-order-***-5bcd44.png | screenshots\10-07-2026\diagnostics\portal-html-1-143756-order-***-3a9ae5.html | screenshots\10-07-2026\captchas\captcha-143756-order-***-00d3cc-original.png,La reserva fue confirmada por mensaje de exito del portal.
***-143645-66aab2f1,2026-07-10 14:37:16,order-***,unavailable,normal,LIMA-LA VICTORIA,30/07/2026,12:00,18,slot_lost,,,31.216,7.313,1.703,1.359,0.031,portal-1-143645-order-***-e114f6.png,portal-1-143645-order-***-e114f6.png | preenvio-1-143645-order-***-128ea0.png | cupo-143645-order-***-51d29e.png | screenshots\10-07-2026\preenvio-1-143645-order-***-128ea0.png | screenshots\10-07-2026\portal-1-143645-order-***-e114f6.png | screenshots\10-07-2026\diagnostics\portal-html-1-143645-order-***-fd63eb.html | screenshots\10-07-2026\captchas\captcha-143645-order-***-74d211-original.png,El cupo dejo de estar disponible antes de completar la reserva.
***-140218-0fe9d66b,2026-07-10 14:02:29,order-***,completed,normal,,10/07/2026 09:00,,,,,,11.387,,,,,etapas-140218-order-***-5c44f3.png,etapas-140218-order-***-5c44f3.png,La etapa Separa Cita Peritaje ya esta en estado Programado. No hay una cita pendiente por reservar.
***-140134-9392d491,2026-07-10 14:01:47,order-***,unavailable,normal,LIMA-LA VICTORIA,27/07/2026,12:00,10,slot_lost,,,13.479,7.375,1.688,1.265,0.047,portal-1-140134-order-***-ed1fea.png,portal-1-140134-order-***-ed1fea.png | preenvio-1-140134-order-***-6cb0ce.png | cupo-140134-order-***-3cb67c.png | screenshots\10-07-2026\preenvio-1-140134-order-***-6cb0ce.png | screenshots\10-07-2026\portal-1-140134-order-***-ed1fea.png | screenshots\10-07-2026\diagnostics\portal-html-1-140134-order-***-543f9f.html | screenshots\10-07-2026\captchas\captcha-140134-order-***-026603-original.png,El cupo dejo de estar disponible antes de completar la reserva.
***-140048-***,2026-07-10 14:01:34,order-***,registered,normal,LIMA-LA VICTORIA,27/07/2026,12:00,10,confirmed,portal_success_text,,45.473,6.516,1.687,1.375,0.047,portal-1-140048-order-***-f198fe.png,portal-1-140048-order-***-f198fe.png | preenvio-1-140048-order-***-494aac.png | cupo-140048-order-***-fc6aa6.png | screenshots\10-07-2026\preenvio-1-140048-order-***-494aac.png | screenshots\10-07-2026\portal-1-140048-order-***-f198fe.png | screenshots\10-07-2026\diagnostics\portal-html-1-140048-order-***-e5f062.html | screenshots\10-07-2026\captchas\captcha-140048-order-***-e1ac0d-original.png,La reserva fue confirmada por mensaje de exito del portal.
***-152640-01637f21,2026-07-09 15:27:14,order-***,unavailable,normal,LIMA-LA VICTORIA,17/07/2026,11:00,16,slot_lost,,,34.173,13.406,1.797,1.406,0.047,portal-2-152640-order-***-33ae91.png,portal-2-152640-order-***-33ae91.png | preenvio-1-152640-order-***-01221c.png | portal-1-152640-order-***-8b0b75.png | preenvio-2-152640-order-***-70358d.png | cupo-152640-order-***-dd025c.png | screenshots\09-07-2026\preenvio-1-152640-order-***-01221c.png | screenshots\09-07-2026\portal-1-152640-order-***-8b0b75.png | screenshots\09-07-2026\preenvio-2-152640-order-***-70358d.png | screenshots\09-07-2026\portal-2-152640-order-***-33ae91.png | screenshots\09-07-2026\diagnostics\portal-html-1-152640-order-***-cfe5cc.html | screenshots\09-07-2026\diagnostics\portal-html-2-152640-order-***-370ad8.html | screenshots\09-07-2026\captchas\captcha-152640-order-***-54c23f-original.png | screenshots\09-07-2026\captchas\captcha-152640-order-***-0f2953-original.png,El cupo dejo de estar disponible antes de completar la reserva.
***-152623-f6f18c2c,2026-07-09 15:26:37,order-***,unavailable,normal,LIMA-LA VICTORIA,30/07/2026,08:00,10,slot_lost,,,13.990,8.484,1.718,1.297,0.047,portal-1-152623-order-***-11abb8.png,portal-1-152623-order-***-11abb8.png | preenvio-1-152623-order-***-4cdd6a.png | cupo-152623-order-***-dd1a99.png | screenshots\09-07-2026\preenvio-1-152623-order-***-4cdd6a.png | screenshots\09-07-2026\portal-1-152623-order-***-11abb8.png | screenshots\09-07-2026\diagnostics\portal-html-1-152623-order-***-b20e71.html | screenshots\09-07-2026\captchas\captcha-152623-order-***-806fae-original.png,El cupo dejo de estar disponible antes de completar la reserva.
***-151932-753390b1,2026-07-09 15:21:15,order-***,partial,fetch_probe,LIMA-LA VICTORIA,15/07/2026,Sin Cupos,Sin Cupos,,,,103.059,,,,,parcial-151932-order-***-c939a4.png,parcial-151932-order-***-c939a4.png,"Se detecto fecha disponible, pero aun no hay hora seleccionable. La disponibilidad fue detectada por consulta directa al formulario."
***-151920-1a09e6ca,2026-07-09 15:19:32,order-***,completed,normal,,30/07/2026 11:00,,,,,,12.468,,,,,etapas-151920-order-***-dd8a7f.png,etapas-151920-order-***-dd8a7f.png,La etapa Separa Cita Peritaje ya esta en estado Programado. No hay una cita pendiente por reservar.
***-151734-973beb17,2026-07-09 15:18:03,order-***,unavailable,normal,LIMA-LA VICTORIA,14/07/2026,12:00,22,slot_lost,,,29.117,24.562,1.734,1.484,0.047,portal-2-151734-order-***-0d32d7.png,portal-2-151734-order-***-0d32d7.png | preenvio-1-151734-order-***-e6b84d.png | portal-1-151734-order-***-333597.png | preenvio-2-151734-order-***-42b001.png | cupo-151734-order-***-c41745.png | screenshots\09-07-2026\preenvio-1-151734-order-***-e6b84d.png | screenshots\09-07-2026\portal-1-151734-order-***-333597.png | screenshots\09-07-2026\preenvio-2-151734-order-***-42b001.png | screenshots\09-07-2026\portal-2-151734-order-***-0d32d7.png | screenshots\09-07-2026\diagnostics\portal-html-1-151734-order-***-0eb515.html | screenshots\09-07-2026\diagnostics\portal-html-2-151734-order-***-ce3346.html | screenshots\09-07-2026\captchas\captcha-151734-order-***-ed54d9-original.png | screenshots\09-07-2026\captchas\captcha-151734-order-***-fb2b95-original.png,El cupo dejo de estar disponible antes de completar la reserva.
***-140140-12be4ba1,2026-07-09 14:02:17,order-***,registered,normal,LIMA-LA VICTORIA,30/07/2026,10:00,20,confirmed,portal_success_text,,37.636,6.813,1.687,1.531,0.047,portal-1-140140-order-***-81d2c0.png,portal-1-140140-order-***-81d2c0.png | preenvio-1-140140-order-***-228814.png | cupo-140140-order-***-8a3eb0.png | screenshots\09-07-2026\preenvio-1-140140-order-***-228814.png | screenshots\09-07-2026\portal-1-140140-order-***-81d2c0.png | screenshots\09-07-2026\diagnostics\portal-html-1-140140-order-***-46f649.html | screenshots\09-07-2026\captchas\captcha-140140-order-***-7dd859-original.png,La reserva fue confirmada por mensaje de exito del portal.
***-121525-ee0f5d86,2026-07-09 12:15:57,order-***,unavailable,normal,LIMA-LA VICTORIA,24/07/2026,12:00,15,slot_lost,,,32.246,7.781,1.688,1.296,0.047,portal-1-121525-order-***-e941df.png,portal-1-121525-order-***-e941df.png | preenvio-1-121525-order-***-c4c5c3.png | cupo-121525-order-***-56b601.png | screenshots\09-07-2026\preenvio-1-121525-order-***-c4c5c3.png | screenshots\09-07-2026\portal-1-121525-order-***-e941df.png | screenshots\09-07-2026\diagnostics\portal-html-1-121525-order-***-e03d2c.html | screenshots\09-07-2026\captchas\captcha-121525-order-***-bf66bd-original.png,El cupo dejo de estar disponible antes de completar la reserva.
***-105834-895df89b,2026-07-09 10:59:20,order-***,unavailable,normal,LIMA-LA VICTORIA,24/07/2026,11:00,10,slot_lost,,,45.826,7.125,1.688,1.359,0.016,portal-1-105834-order-***-8a14bf.png,portal-1-105834-order-***-8a14bf.png | preenvio-1-105834-order-***-8b6349.png | cupo-105834-order-***-226e31.png | screenshots\09-07-2026\preenvio-1-105834-order-***-8b6349.png | screenshots\09-07-2026\portal-1-105834-order-***-8a14bf.png | screenshots\09-07-2026\diagnostics\portal-html-1-105834-order-***-02797b.html | screenshots\09-07-2026\captchas\captcha-105834-order-***-ce2e90-original.png,El cupo dejo de estar disponible antes de completar la reserva.
***-105801-2add2dbf,2026-07-09 10:58:30,order-***,partial,normal,LIMA-LA VICTORIA,24/07/2026,10:00,8,blocked_by_order_rule,,,29.184,3.141,1.704,,,captcha-105801-order-***-13141b-original.png,captcha-105801-order-***-13141b-original.png | cupo-105801-order-***-019158.png | screenshots\09-07-2026\captchas\captcha-105801-order-***-13141b-original.png,"Se encontro un horario disponible, pero no cumple la regla de reserva de la orden."
***-102636-2bc37ab7,2026-07-09 10:26:58,order-***,partial,normal,LIMA-LA VICTORIA,20/07/2026,12:00,20,blocked_by_order_rule,,,22.672,3.156,1.719,,,captcha-102636-order-***-f30e7b-original.png,captcha-102636-order-***-f30e7b-original.png | cupo-102636-order-***-cd1996.png | screenshots\09-07-2026\captchas\captcha-102636-order-***-f30e7b-original.png,"Se encontro un horario disponible, pero no cumple la regla de reserva de la orden."
***-100632-b75ede27,2026-07-09 10:06:49,order-***,registered,normal,LIMA-LA VICTORIA,30/07/2026,09:00,20,confirmed,portal_success_text,,16.924,7.063,1.703,1.266,0.047,portal-1-100632-order-***-38dc54.png,portal-1-100632-order-***-38dc54.png | preenvio-1-100632-order-***-f5d0b7.png | cupo-100632-order-***-02cbef.png | screenshots\09-07-2026\preenvio-1-100632-order-***-f5d0b7.png | screenshots\09-07-2026\portal-1-100632-order-***-38dc54.png | screenshots\09-07-2026\diagnostics\portal-html-1-100632-order-***-bf21b1.html | screenshots\09-07-2026\captchas\captcha-100632-order-***-9d50a9-original.png,La reserva fue confirmada por mensaje de exito del portal.
***-082806-aecbe855,2026-07-09 08:28:21,order-***,registered,normal,LIMA-LA VICTORIA,24/07/2026,12:00,5,confirmed,portal_success_text,,14.054,7.000,1.719,1.281,0.032,portal-1-082806-order-***-6fa552.png,portal-1-082806-order-***-6fa552.png | preenvio-1-082806-order-***-f0f88f.png | cupo-082806-order-***-046ce8.png | screenshots\09-07-2026\preenvio-1-082806-order-***-f0f88f.png | screenshots\09-07-2026\portal-1-082806-order-***-6fa552.png | screenshots\09-07-2026\diagnostics\portal-html-1-082806-order-***-927d09.html | screenshots\09-07-2026\captchas\captcha-082806-order-***-c2c9ea-original.png,La reserva fue confirmada por mensaje de exito del portal.
***-082714-2bea450e,2026-07-09 08:28:06,order-***,registered,normal,LIMA-LA VICTORIA,24/07/2026,12:00,5,confirmed,portal_success_text,,52.589,7.281,1.719,1.500,0.047,portal-1-082714-order-***-99bbc3.png,portal-1-082714-order-***-99bbc3.png | preenvio-1-082714-order-***-9c0b2f.png | cupo-082714-order-***-11af03.png | screenshots\09-07-2026\preenvio-1-082714-order-***-9c0b2f.png | screenshots\09-07-2026\portal-1-082714-order-***-99bbc3.png | screenshots\09-07-2026\diagnostics\portal-html-1-082714-order-***-d05059.html | screenshots\09-07-2026\captchas\captcha-082714-order-***-230ca0-original.png,La reserva fue confirmada por mensaje de exito del portal.
***-073637-097972b5,2026-07-09 07:36:51,order-***,completed,normal,,20/07/2026 10:00,,,,,,14.199,,,,,etapas-073637-order-***-ebbeda.png,etapas-073637-order-***-ebbeda.png,La etapa Separa Cita Peritaje ya esta en estado Programado. No hay una cita pendiente por reservar.
***-141703-703e4db4,2026-07-08 14:17:15,order-***,completed,normal,,30/07/2026 10:00,,,,,,11.969,,,,,etapas-141703-order-***-2eb51c.png,etapas-141703-order-***-2eb51c.png,La etapa Separa Cita Peritaje ya esta en estado Programado. No hay una cita pendiente por reservar.
***-130645-f1465808,2026-07-08 13:06:58,order-***,unavailable,normal,LIMA-LA VICTORIA,30/07/2026,08:00,5,slot_lost,,,12.561,7.797,1.703,1.235,0.141,portal-1-130645-order-***-68e563.png,portal-1-130645-order-***-68e563.png | preenvio-1-130645-order-***-79421e.png | cupo-130645-order-***-74ce6f.png | screenshots\08-07-2026\preenvio-1-130645-order-***-79421e.png | screenshots\08-07-2026\portal-1-130645-order-***-68e563.png | screenshots\08-07-2026\diagnostics\portal-html-1-130645-order-***-5393d5.html | screenshots\08-07-2026\captchas\captcha-130645-order-***-efbc5b-original.png,El cupo dejo de estar disponible antes de completar la reserva.
***-120734-87cb2fc6,2026-07-08 12:08:07,order-***,unavailable,normal,LIMA-LA VICTORIA,22/07/2026,08:00,22,slot_lost,,,32.830,8.203,1.734,1.609,0.047,portal-1-120734-order-***-e370e3.png,portal-1-120734-order-***-e370e3.png | preenvio-1-120734-order-***-49b2e7.png | cupo-120734-order-***-8ab30f.png | screenshots\08-07-2026\preenvio-1-120734-order-***-49b2e7.png | screenshots\08-07-2026\portal-1-120734-order-***-e370e3.png | screenshots\08-07-2026\diagnostics\portal-html-1-120734-order-***-79fee4.html | screenshots\08-07-2026\captchas\captcha-120734-order-***-6dd632-original.png,El cupo dejo de estar disponible antes de completar la reserva.
***-125521-4befc776,2026-07-07 12:55:31,order-***,partial,normal,LIMA-LA VICTORIA,22/07/2026,10:00,20,blocked_by_order_rule,,,10.823,3.750,1.875,,,captcha-125521-order-***-fc3090-original.png,captcha-125521-order-***-fc3090-original.png | cupo-125521-order-***-b181c0.png | screenshots\07-07-2026\captchas\captcha-125521-order-***-fc3090-original.png,"Se encontro un horario disponible, pero no cumple la regla de reserva de la orden."
***-125504-5265d89d,2026-07-07 12:55:15,order-***,partial,normal,LIMA-LA VICTORIA,22/07/2026,09:00,20,blocked_by_order_rule,,,10.571,3.719,1.937,,,captcha-125504-order-***-b52d21-original.png,captcha-125504-order-***-b52d21-original.png | cupo-125504-order-***-82a328.png | screenshots\07-07-2026\captchas\captcha-125504-order-***-b52d21-original.png,"Se encontro un horario disponible, pero no cumple la regla de reserva de la orden."
***-125433-61c90c74,2026-07-07 12:55:04,order-***,registered,normal,LIMA-LA VICTORIA,22/07/2026,08:00,20,confirmed,portal_success_text,,31.161,11.047,1.891,3.047,0.094,portal-1-125433-order-***-d57351.png,portal-1-125433-order-***-d57351.png | preenvio-1-125433-order-***-3f7b64.png | cupo-125433-order-***-8c7ef2.png | screenshots\07-07-2026\preenvio-1-125433-order-***-3f7b64.png | screenshots\07-07-2026\portal-1-125433-order-***-d57351.png | screenshots\07-07-2026\diagnostics\portal-html-1-125433-order-***-f32a23.html | screenshots\07-07-2026\captchas\captcha-125433-order-***-9ee903-original.png,La reserva fue confirmada por mensaje de exito del portal.
***-124617-bfdbde06,2026-07-07 12:46:28,order-***,partial,normal,LIMA-LA VICTORIA,14/07/2026,10:00,24,blocked_by_order_rule,,,11.004,3.797,1.891,,,captcha-124617-order-***-c3db9d-original.png,captcha-124617-order-***-c3db9d-original.png | cupo-124617-order-***-02c311.png | screenshots\07-07-2026\captchas\captcha-124617-order-***-c3db9d-original.png,"Se encontro un horario disponible, pero no cumple la regla de reserva de la orden."
***-122939-***,2026-07-07 12:30:34,order-***,unavailable,normal,LIMA-LA VICTORIA,20/07/2026,09:00,25,slot_lost,,,54.978,10.969,1.938,2.375,0.078,portal-1-122939-order-***-81d951.png,portal-1-122939-order-***-81d951.png | preenvio-1-122939-order-***-fab659.png | cupo-122939-order-***-339014.png | screenshots\07-07-2026\preenvio-1-122939-order-***-fab659.png | screenshots\07-07-2026\portal-1-122939-order-***-81d951.png | screenshots\07-07-2026\diagnostics\portal-html-1-122939-order-***-d318ae.html | screenshots\07-07-2026\captchas\captcha-122939-order-***-4bf7ac-original.png,El cupo dejo de estar disponible antes de completar la reserva.
***-082850-656ea3bb,2026-07-07 08:29:05,order-***,registered,normal,LIMA-LA VICTORIA,21/07/2026,10:00,20,confirmed,portal_success_text,,15.028,7.391,1.938,1.453,0.063,portal-1-082850-order-***-f7479d.png,portal-1-082850-order-***-f7479d.png | preenvio-1-082850-order-***-2afd5c.png | cupo-082850-order-***-cc1b56.png | screenshots\07-07-2026\preenvio-1-082850-order-***-2afd5c.png | screenshots\07-07-2026\portal-1-082850-order-***-f7479d.png | screenshots\07-07-2026\diagnostics\portal-html-1-082850-order-***-2921b2.html | screenshots\07-07-2026\captchas\captcha-082850-order-***-80aab8-original.png,La reserva fue confirmada por mensaje de exito del portal.
***-082840-9098db8d,2026-07-07 08:28:48,order-***,partial,normal,LIMA-LA VICTORIA,21/07/2026,10:00,20,blocked_by_order_rule,,,7.943,3.125,1.656,,,captcha-082840-order-***-a7352c-original.png,captcha-082840-order-***-a7352c-original.png | cupo-082840-order-***-1ec87a.png | screenshots\07-07-2026\captchas\captcha-082840-order-***-a7352c-original.png,"Se encontro un horario disponible, pero no cumple la regla de reserva de la orden."
***-082815-07a18314,2026-07-07 08:28:40,order-***,unavailable,normal,LIMA-LA VICTORIA,21/07/2026,08:00,20,slot_lost,,,24.788,18.297,1.672,11.922,0.031,portal-1-082815-order-***-e1442d.png,portal-1-082815-order-***-e1442d.png | preenvio-1-082815-order-***-736596.png | cupo-082815-order-***-9820c8.png | screenshots\07-07-2026\preenvio-1-082815-order-***-736596.png | screenshots\07-07-2026\portal-1-082815-order-***-e1442d.png | screenshots\07-07-2026\diagnostics\portal-html-1-082815-order-***-185105.html | screenshots\07-07-2026\captchas\captcha-082815-order-***-15756d-original.png,El cupo dejo de estar disponible antes de completar la reserva.
***-234929-de9c132f,2026-07-06 23:49:42,order-***,partial,fetch_probe,LIMA-LA VICTORIA,06/07/2026,Sin Cupos,Sin Cupos,,,,12.614,,,,,parcial-234929-order-***-fdee7d.png,parcial-234929-order-***-fdee7d.png,"Se detecto fecha disponible, pero aun no hay hora seleccionable. La disponibilidad fue detectada por consulta directa al formulario."
***-233923-10c78531,2026-07-06 23:39:33,order-***,partial,fetch_probe,LIMA-LA VICTORIA,06/07/2026,Sin Cupos,Sin Cupos,,,,10.252,,,,,parcial-233923-order-***-187ac0.png,parcial-233923-order-***-187ac0.png,"Se detecto fecha disponible, pero aun no hay hora seleccionable. La disponibilidad fue detectada por consulta directa al formulario."
***-123813-d7a19608,2026-07-06 12:38:22,order-***,partial,normal,LIMA-LA VICTORIA,20/07/2026,12:00,15,blocked_by_order_rule,,,8.522,3.594,1.813,,,,04-reserva-captcha-tecnico-2captcha-***-123813-d7a19608-order-***-e0539454626a4b2a9ce1a751407565d9-original-html.png | 03-modal-reserva-citas-cupo-disponible-***-123813-d7a19608-order-***-6a02d62e6b1e4dbf82f11c0cc9195c41.png | screenshots\06-07-2026\captchas\04-reserva-captcha-tecnico-2captcha-***-123813-d7a19608-order-***-e0539454626a4b2a9ce1a751407565d9-original-html.png,"Se encontro un horario disponible, pero no cumple la regla de reserva de la orden."
***-123801-5e8bca9f,2026-07-06 12:38:11,order-***,partial,normal,LIMA-LA VICTORIA,20/07/2026,12:00,15,blocked_by_order_rule,,,9.740,4.391,1.750,,,,04-reserva-captcha-tecnico-2captcha-***-123801-5e8bca9f-order-***-3b6f608a9b284130a40748440f06f467-original-html.png | 03-modal-reserva-citas-cupo-disponible-***-123801-5e8bca9f-order-***-3f5dd8ebbc854f719e9dc670254b41b4.png | screenshots\06-07-2026\captchas\04-reserva-captcha-tecnico-2captcha-***-123801-5e8bca9f-order-***-3b6f608a9b284130a40748440f06f467-original-html.png,"Se encontro un horario disponible, pero no cumple la regla de reserva de la orden."
***-100928-b70ff5bc,2026-07-06 10:09:41,order-***,unavailable,normal,LIMA-LA VICTORIA,11/07/2026,11:00,20,slot_lost,,,13.252,8.719,1.687,1.375,0.047,,screenshots\06-07-2026\diagnostics\06-reserva-respuesta-portal-html-intento-1-***-100928-b70ff5bc-order-***-.html | screenshots\06-07-2026\captchas\04-reserva-captcha-tecnico-2captcha-***-100928-b70ff5bc-order-***-d8fd6d1ae85647ef8e7a31d0d8274ef5-original-html.png,El cupo dejo de estar disponible antes de completar la reserva.
***-092647-1ba25691,2026-07-06 09:26:57,order-***,partial,normal,LIMA-LA VICTORIA,21/07/2026,10:00,10,blocked_by_order_rule,,,9.511,4.188,1.719,,,,04-reserva-captcha-tecnico-2captcha-***-092647-1ba25691-order-***-17641868845b41c0b2b4b25b9a3f2157-original-html.png | 03-modal-reserva-citas-cupo-disponible-***-092647-1ba25691-order-***-967e0364eae34f7d9ff2bec006395834.png | screenshots\06-07-2026\captchas\04-reserva-captcha-tecnico-2captcha-***-092647-1ba25691-order-***-17641868845b41c0b2b4b25b9a3f2157-original-html.png,"Se encontro un horario disponible, pero no cumple la regla de reserva de la orden."
***-092634-ca3e4deb,2026-07-06 09:26:44,order-***,partial,normal,LIMA-LA VICTORIA,21/07/2026,10:00,10,blocked_by_order_rule,,,9.797,3.594,1.781,,,,04-reserva-captcha-tecnico-2captcha-***-092634-ca3e4deb-order-***-54adb8c9741a4ecbab012ff1bbb87990-original-html.png | 03-modal-reserva-citas-cupo-disponible-***-092634-ca3e4deb-order-***-fc38f01246604b40abfb0cd0f298e778.png | screenshots\06-07-2026\captchas\04-reserva-captcha-tecnico-2captcha-***-092634-ca3e4deb-order-***-54adb8c9741a4ecbab012ff1bbb87990-original-html.png,"Se encontro un horario disponible, pero no cumple la regla de reserva de la orden."
***-092602-fa408640,2026-07-06 09:26:32,order-***,partial,normal,LIMA-LA VICTORIA,21/07/2026,10:00,10,blocked_by_order_rule,,,30.110,4.156,1.750,,,,04-reserva-captcha-tecnico-2captcha-***-092602-fa408640-order-***-e3a6c429f1c54f59a5693bc51fe7b968-original-html.png | 03-modal-reserva-citas-cupo-disponible-***-092602-fa408640-order-***-080f1c8fe2c74c918f155d5ff4201a55.png | screenshots\06-07-2026\captchas\04-reserva-captcha-tecnico-2captcha-***-092602-fa408640-order-***-e3a6c429f1c54f59a5693bc51fe7b968-original-html.png,"Se encontro un horario disponible, pero no cumple la regla de reserva de la orden."
***-092529-8336d91c,2026-07-06 09:25:59,order-***,partial,normal,LIMA-LA VICTORIA,20/07/2026,12:00,10,blocked_by_order_rule,,,29.929,4.109,1.719,,,,04-reserva-captcha-tecnico-2captcha-***-092529-8336d91c-order-***-9588e450289543d5808bf1f8bd282d5e-original-html.png | 03-modal-reserva-citas-cupo-disponible-***-092529-8336d91c-order-***-55a33207cf1e433ba5364c95f7ed1da5.png | screenshots\06-07-2026\captchas\04-reserva-captcha-tecnico-2captcha-***-092529-8336d91c-order-***-9588e450289543d5808bf1f8bd282d5e-original-html.png,"Se encontro un horario disponible, pero no cumple la regla de reserva de la orden."
***-092154-3add598c,2026-07-06 09:22:24,order-***,partial,normal,LIMA-LA VICTORIA,20/07/2026,10:00,20,blocked_by_order_rule,,,30.165,4.203,1.703,,,,04-reserva-captcha-tecnico-2captcha-***-092154-3add598c-order-***-3e5bf1826a044a08818f96bf9387245c-original-html.png | 03-modal-reserva-citas-cupo-disponible-***-092154-3add598c-order-***-4df5c6db87174341b33fd229fa13b12c.png | screenshots\06-07-2026\captchas\04-reserva-captcha-tecnico-2captcha-***-092154-3add598c-order-***-3e5bf1826a044a08818f96bf9387245c-original-html.png,"Se encontro un horario disponible, pero no cumple la regla de reserva de la orden."
***-092125-c7504c44,2026-07-06 09:21:52,order-***,partial,normal,LIMA-LA VICTORIA,20/07/2026,09:00,20,blocked_by_order_rule,,,26.602,4.360,1.703,,,,04-reserva-captcha-tecnico-2captcha-***-092125-c7504c44-order-***-4a1f7afa68c743f99a3f5e631d8e4ba2-original-html.png | 03-modal-reserva-citas-cupo-disponible-***-092125-c7504c44-order-***-8b3b54cd4dd345088d122a3af5084609.png | screenshots\06-07-2026\captchas\04-reserva-captcha-tecnico-2captcha-***-092125-c7504c44-order-***-4a1f7afa68c743f99a3f5e631d8e4ba2-original-html.png,"Se encontro un horario disponible, pero no cumple la regla de reserva de la orden."
***-130721-521493a2,2026-07-04 13:07:35,order-***,partial,normal,LIMA-LA VICTORIA,20/07/2026,11:00,,blocked_by_order_rule,,,13.421,3.156,1.656,,,,04-reserva-captcha-tecnico-2captcha-***-130721-521493a2-order-***-c7b88f87d2d745b39793118eac3a8b2a-original-html.png | 03-modal-reserva-citas-cupo-disponible-***-130721-521493a2-order-***-968cfdc0f3bc44d99ceefd90fbe46227.png | screenshots\04-07-2026\captchas\04-reserva-captcha-tecnico-2captcha-***-130721-521493a2-order-***-c7b88f87d2d745b39793118eac3a8b2a-original-html.png,"Se encontro un horario disponible, pero no cumple la regla de reserva de la orden."
***-130629-12cb507f,2026-07-04 13:06:45,order-***,partial,normal,LIMA-LA VICTORIA,20/07/2026,11:00,,blocked_by_order_rule,,,16.071,3.797,1.641,,,,04-reserva-captcha-tecnico-2captcha-***-130629-12cb507f-order-***-2d27728793ff44cd98023e438282382f-original-html.png | 03-modal-reserva-citas-cupo-disponible-***-130629-12cb507f-order-***-ec47ffb406e241f19c9cfea060e57f3e.png | screenshots\04-07-2026\captchas\04-reserva-captcha-tecnico-2captcha-***-130629-12cb507f-order-***-2d27728793ff44cd98023e438282382f-original-html.png,"Se encontro un horario disponible, pero no cumple la regla de reserva de la orden."
***-130535-c8ad544f,2026-07-04 13:05:53,order-***,partial,normal,LIMA-LA VICTORIA,06/07/2026,09:00,,blocked_by_order_rule,,,18.082,3.828,1.656,,,,04-reserva-captcha-tecnico-2captcha-***-130535-c8ad544f-order-***-71fbc21260a142a79066507a119c294e-original-html.png | 03-modal-reserva-citas-cupo-disponible-***-130535-c8ad544f-order-***-df6d75e4b35a47138af2de7f992bdd25.png | screenshots\04-07-2026\captchas\04-reserva-captcha-tecnico-2captcha-***-130535-c8ad544f-order-***-71fbc21260a142a79066507a119c294e-original-html.png,"Se encontro un horario disponible, pero no cumple la regla de reserva de la orden."
***-113449-b4008fc5,2026-07-04 11:35:04,order-***,registered,normal,LIMA-LA VICTORIA,20/07/2026,10:00,,confirmed,portal_success_text,,14.652,7.890,1.953,1.250,0.047,06-reserva-respuesta-portal-intento-1-***-113449-b4008fc5-order-***-aefc2c16a86446ce89ea8865730df1e0.png,06-reserva-respuesta-portal-intento-1-***-113449-b4008fc5-order-***-aefc2c16a86446ce89ea8865730df1e0.png | 05-reserva-antes-de-enviar-intento-1-***-113449-b4008fc5-order-***-660058bc6fc2438b88080974a15e9cc6.png | 03-modal-reserva-citas-cupo-disponible-***-113449-b4008fc5-order-***-1a86e4c435874f3a9814af206d5d5d80.png | screenshots\04-07-2026\05-reserva-antes-de-enviar-intento-1-***-113449-b4008fc5-order-***-660058bc6fc2438b88080974a15e9cc6.png | screenshots\04-07-2026\06-reserva-respuesta-portal-intento-1-***-113449-b4008fc5-order-***-aefc2c16a86446ce89ea8865730df1e0.png | screenshots\04-07-2026\diagnostics\06-reserva-respuesta-portal-html-intento-1-***-113449-b4008fc5-order-***-.html | screenshots\04-07-2026\captchas\04-reserva-captcha-tecnico-2captcha-***-113449-b4008fc5-order-***-a649b078e02a4d7689b3f73999a9017a-original-html.png,La reserva fue confirmada por mensaje de exito del portal.
***-113359-a12ce739,2026-07-04 11:34:49,order-***,registered,normal,LIMA-LA VICTORIA,16/07/2026,08:00,,confirmed,portal_success_text,,49.626,8.031,1.703,1.453,0.047,06-reserva-respuesta-portal-intento-1-***-113359-a12ce739-order-***-1eed3508658144158f790a30b9759dc9.png,06-reserva-respuesta-portal-intento-1-***-113359-a12ce739-order-***-1eed3508658144158f790a30b9759dc9.png | 05-reserva-antes-de-enviar-intento-1-***-113359-a12ce739-order-***-380d728d676f430781b678b6ebe3e0a2.png | 03-modal-reserva-citas-cupo-disponible-***-113359-a12ce739-order-***-fc1da1b3092b47ff9c64df1190201133.png | screenshots\04-07-2026\05-reserva-antes-de-enviar-intento-1-***-113359-a12ce739-order-***-380d728d676f430781b678b6ebe3e0a2.png | screenshots\04-07-2026\06-reserva-respuesta-portal-intento-1-***-113359-a12ce739-order-***-1eed3508658144158f790a30b9759dc9.png | screenshots\04-07-2026\diagnostics\06-reserva-respuesta-portal-html-intento-1-***-113359-a12ce739-order-***-.html | screenshots\04-07-2026\captchas\04-reserva-captcha-tecnico-2captcha-***-113359-a12ce739-order-***-65ff27b382f44cf3a4f11bdba588a375-original-html.png,La reserva fue confirmada por mensaje de exito del portal.
***-084813-bd516f55,2026-07-04 08:48:31,order-***,partial,normal,LIMA-LA VICTORIA,08/07/2026,10:00,,blocked_by_order_rule,,,18.329,3.250,1.672,,,,04-reserva-captcha-tecnico-2captcha-***-084813-bd516f55-order-***-f7fdf104ac51425ea1701eac85f4f38e.png | 03-modal-reserva-citas-cupo-disponible-***-084813-bd516f55-order-***-282d08661fdf4c699b7c8c6c6ce70836.png | screenshots\04-07-2026\captchas\04-reserva-captcha-tecnico-2captcha-***-084813-bd516f55-order-***-f7fdf104ac51425ea1701eac85f4f38e-original-html.png,"Se encontro un horario disponible, pero no cumple la regla de reserva de la orden."
***-171914-76935c2d,2026-07-03 17:20:02,order-***,partial,fetch_probe,LIMA-LA VICTORIA,03/07/2026,Sin Cupos,Sin Cupos,,,,48.969,,,,,03-modal-reserva-citas-disponibilidad-parcial-***-171914-76935c2d-order-***-bc33afa919824504bd52b84d35847f01.png,03-modal-reserva-citas-disponibilidad-parcial-***-171914-76935c2d-order-***-bc33afa919824504bd52b84d35847f01.png,"Se detecto fecha disponible, pero aun no hay hora seleccionable. La disponibilidad fue detectada por consulta directa al formulario."
***-171820-a64d7cd9,2026-07-03 17:19:13,order-***,partial,fetch_probe,LIMA-LA VICTORIA,03/07/2026,Sin Cupos,Sin Cupos,,,,53.496,,,,,03-modal-reserva-citas-disponibilidad-parcial-***-171820-a64d7cd9-order-***-21c2b8bd0d6e40f295338fd86cb4d73e.png,03-modal-reserva-citas-disponibilidad-parcial-***-171820-a64d7cd9-order-***-21c2b8bd0d6e40f295338fd86cb4d73e.png,"Se detecto fecha disponible, pero aun no hay hora seleccionable. La disponibilidad fue detectada por consulta directa al formulario."
***-171728-00d96c47,2026-07-03 17:18:20,order-***,partial,fetch_probe,LIMA-LA VICTORIA,03/07/2026,Sin Cupos,Sin Cupos,,,,51.622,,,,,03-modal-reserva-citas-disponibilidad-parcial-***-171728-00d96c47-order-***-201d3ce9a4384c3c896e68109a886e5a.png,03-modal-reserva-citas-disponibilidad-parcial-***-171728-00d96c47-order-***-201d3ce9a4384c3c896e68109a886e5a.png,"Se detecto fecha disponible, pero aun no hay hora seleccionable. La disponibilidad fue detectada por consulta directa al formulario."
***-171641-55b49fce,2026-07-03 17:17:28,order-***,partial,fetch_probe,LIMA-LA VICTORIA,03/07/2026,Sin Cupos,Sin Cupos,,,,47.221,,,,,03-modal-reserva-citas-disponibilidad-parcial-***-171641-55b49fce-order-***-3534b84f0f154cd8a0516676e00b1ec1.png,03-modal-reserva-citas-disponibilidad-parcial-***-171641-55b49fce-order-***-3534b84f0f154cd8a0516676e00b1ec1.png,"Se detecto fecha disponible, pero aun no hay hora seleccionable. La disponibilidad fue detectada por consulta directa al formulario."
***-171554-c25ac5b1,2026-07-03 17:16:41,order-***,partial,fetch_probe,LIMA-LA VICTORIA,03/07/2026,Sin Cupos,Sin Cupos,,,,47.095,,,,,03-modal-reserva-citas-disponibilidad-parcial-***-171554-c25ac5b1-order-***-197eaccc196b45dfb027f9bb11d684f7.png,03-modal-reserva-citas-disponibilidad-parcial-***-171554-c25ac5b1-order-***-197eaccc196b45dfb027f9bb11d684f7.png,"Se detecto fecha disponible, pero aun no hay hora seleccionable. La disponibilidad fue detectada por consulta directa al formulario."
***-171500-a4c438e8,2026-07-03 17:15:54,order-***,partial,fetch_probe,LIMA-LA VICTORIA,03/07/2026,Sin Cupos,Sin Cupos,,,,53.242,,,,,03-modal-reserva-citas-disponibilidad-parcial-***-171500-a4c438e8-order-***-813db4cba6434de6b98b32185c97707e.png,03-modal-reserva-citas-disponibilidad-parcial-***-171500-a4c438e8-order-***-813db4cba6434de6b98b32185c97707e.png,"Se detecto fecha disponible, pero aun no hay hora seleccionable. La disponibilidad fue detectada por consulta directa al formulario."
***-171408-cc5a3747,2026-07-03 17:15:00,order-***,partial,fetch_probe,LIMA-LA VICTORIA,03/07/2026,Sin Cupos,Sin Cupos,,,,52.534,,,,,03-modal-reserva-citas-disponibilidad-parcial-***-171408-cc5a3747-order-***-a129cda00f584bf2b15028e876457403.png,03-modal-reserva-citas-disponibilidad-parcial-***-171408-cc5a3747-order-***-a129cda00f584bf2b15028e876457403.png,"Se detecto fecha disponible, pero aun no hay hora seleccionable. La disponibilidad fue detectada por consulta directa al formulario."
***-125003-74f05677,2026-07-03 12:50:53,order-***,partial,fetch_probe,LIMA-LA VICTORIA,03/07/2026,Sin Cupos,Sin Cupos,,,,49.738,,,,,03-modal-reserva-citas-disponibilidad-parcial-***-125003-74f05677-order-***-f17068858cb24f3d9b68b832753ac294.png,03-modal-reserva-citas-disponibilidad-parcial-***-125003-74f05677-order-***-f17068858cb24f3d9b68b832753ac294.png,"Se detecto fecha disponible, pero aun no hay hora seleccionable. La disponibilidad fue detectada por consulta directa al formulario."
***-124910-f22cdf16,2026-07-03 12:50:03,order-***,partial,fetch_probe,LIMA-LA VICTORIA,03/07/2026,Sin Cupos,Sin Cupos,,,,52.786,,,,,03-modal-reserva-citas-disponibilidad-parcial-***-124910-f22cdf16-order-***-5e53dda2cd0943ff90ebe8aa6a4d5d11.png,03-modal-reserva-citas-disponibilidad-parcial-***-124910-f22cdf16-order-***-5e53dda2cd0943ff90ebe8aa6a4d5d11.png,"Se detecto fecha disponible, pero aun no hay hora seleccionable. La disponibilidad fue detectada por consulta directa al formulario."
***-101348-***,2026-07-03 10:14:36,order-***,reservation_unconfirmed,normal,LIMA-LA VICTORIA,20/07/2026,10:00,,confirmed,success_text_revalidation_inconclusive,,48.132,12.500,1.735,1.703,0.063,06-reserva-respuesta-portal-intento-1-***-101348-***-order-***-e169851dd3184fccbec7e9b8e11edcfa.png,06-reserva-respuesta-portal-intento-1-***-101348-***-order-***-e169851dd3184fccbec7e9b8e11edcfa.png | 07-detalle-tramite-etapa-programado-confirmada-***-101348-***-order-***-de65737c0d5b435890ad5c8d1a94097f.png | 05-reserva-antes-de-enviar-intento-1-***-101348-***-order-***-208aa48c4c084ebf9f8b7275e47d47c5.png | 03-modal-reserva-citas-cupo-disponible-***-101348-***-order-***-37a3a65891074917bacaeb2988c8c90e.png | screenshots\03-07-2026\05-reserva-antes-de-enviar-intento-1-***-101348-***-order-***-208aa48c4c084ebf9f8b7275e47d47c5.png | screenshots\03-07-2026\06-reserva-respuesta-portal-intento-1-***-101348-***-order-***-e169851dd3184fccbec7e9b8e11edcfa.png | screenshots\03-07-2026\07-detalle-tramite-etapa-programado-confirmada-***-101348-***-order-***-de65737c0d5b435890ad5c8d1a94097f.png | screenshots\03-07-2026\diagnostics\06-reserva-respuesta-portal-html-intento-1-***-101348-***-order-***-.html,"El portal mostro mensaje de exito despues de hacer click en Reservar, pero no se confirmo la etapa Programado."
***-095503-4b3cb1b2,2026-07-03 09:56:08,order-***,unavailable,normal,LIMA-LA VICTORIA,17/07/2026,10:00,,slot_lost,,,65.016,19.843,1.688,12.234,0.047,06-reserva-respuesta-portal-intento-1-***-095503-4b3cb1b2-order-***-d8f5d3508945459385775b0b42886588.png,06-reserva-respuesta-portal-intento-1-***-095503-4b3cb1b2-order-***-d8f5d3508945459385775b0b42886588.png | 05-reserva-antes-de-enviar-intento-1-***-095503-4b3cb1b2-order-***-57df8765f50c43009a479210ed0e57b6.png | 03-modal-reserva-citas-cupo-disponible-***-095503-4b3cb1b2-order-***-1c9c1ba3525f4cf6b78fcffd16d300c1.png | screenshots\05-reserva-antes-de-enviar-intento-1-***-095503-4b3cb1b2-order-***-57df8765f50c43009a479210ed0e57b6.png | screenshots\06-reserva-respuesta-portal-intento-1-***-095503-4b3cb1b2-order-***-d8f5d3508945459385775b0b42886588.png | screenshots\03-07-2026\diagnostics\06-reserva-respuesta-portal-html-intento-1-***-095503-4b3cb1b2-order-***-.html,El cupo dejo de estar disponible antes de completar la reserva.
***-124542-3a856c97,2026-07-02 12:47:45,order-***,reservation_unconfirmed,normal,LIMA-LA VICTORIA,17/07/2026,09:00,,unknown,unconfirmed,,123.757,72.485,1.797,33.922,0.063,05-reserva-antes-de-enviar-intento-1-***-124542-3a856c97-order-***-323a793dfb0e46dcb5e0b5be81f19c1c.png,05-reserva-antes-de-enviar-intento-1-***-124542-3a856c97-order-***-323a793dfb0e46dcb5e0b5be81f19c1c.png | 06-reserva-respuesta-portal-intento-1-***-124542-3a856c97-order-***-a0e6dfbc68414d9bb8ab25c3fa244f17.png | 03-modal-reserva-citas-cupo-disponible-***-124542-3a856c97-order-***-1a252103b6c54cc584c440d2fac84db5.png | screenshots\02-07-2026\05-reserva-antes-de-enviar-intento-1-***-124542-3a856c97-order-***-323a793dfb0e46dcb5e0b5be81f19c1c.png | screenshots\02-07-2026\06-reserva-respuesta-portal-intento-1-***-124542-3a856c97-order-***-a0e6dfbc68414d9bb8ab25c3fa244f17.png | screenshots\02-07-2026\diagnostics\06-reserva-respuesta-portal-html-intento-1-***-124542-3a856c97-order-***-.html,"Se resolvio el captcha y se hizo click en Reservar, pero no se confirmo la etapa Programado."
***-113001-a861c8bc,2026-07-02 11:31:32,order-***,reservation_unconfirmed,normal,LIMA-LA VICTORIA,14/07/2026,11:00,,unknown,unconfirmed,,91.663,66.687,1.672,33.781,0.047,06-reserva-respuesta-portal-intento-1-***-113001-a861c8bc-order-***-3aae5262374640b7ac29c7a86c50debf.png,06-reserva-respuesta-portal-intento-1-***-113001-a861c8bc-order-***-3aae5262374640b7ac29c7a86c50debf.png | 07-detalle-tramite-etapa-programado-confirmada-***-113001-a861c8bc-order-***-8fd28ab42d5c40e29876423f17c773b6.png | 05-reserva-antes-de-enviar-intento-1-***-113001-a861c8bc-order-***-71baf8a45e5c479ebc20f5a8c88444c5.png | 03-modal-reserva-citas-cupo-disponible-***-113001-a861c8bc-order-***-7ae15b215de341459fde786e3df0903f.png | screenshots\02-07-2026\05-reserva-antes-de-enviar-intento-1-***-113001-a861c8bc-order-***-71baf8a45e5c479ebc20f5a8c88444c5.png | screenshots\02-07-2026\06-reserva-respuesta-portal-intento-1-***-113001-a861c8bc-order-***-3aae5262374640b7ac29c7a86c50debf.png | screenshots\02-07-2026\07-detalle-tramite-etapa-programado-confirmada-***-113001-a861c8bc-order-***-8fd28ab42d5c40e29876423f17c773b6.png | screenshots\02-07-2026\diagnostics\06-reserva-respuesta-portal-html-intento-1-***-113001-a861c8bc-order-***-.html,"Se resolvio el captcha y se hizo click en Reservar, pero no se confirmo la etapa Programado."
